日期,时间戳,股票代码,股票名称,操作类型,动作,价格,数量,金额,手续费,操作前持仓,操作前资金,操作后持仓,操作后资金,总资产,步骤,备注
2025-01-09,2025-01-09 00:00:00,sz.002706,良信股份,买入,买入25%,7.14,3500,24979.95,6.49,0,50000.00,3500,25013.55,49968.55,5,
2025-01-10,2025-01-10 00:00:00,sz.002706,良信股份,买入,买入25%,7.10,1700,12065.05,5.12,3500,25013.55,5200,12943.38,49811.38,6,
2025-01-13,2025-01-13 00:00:00,sz.002706,良信股份,买入,买入25%,6.95,900,6252.25,5.06,5200,12943.38,6100,6686.07,49020.07,7,
2025-01-14,2025-01-14 00:00:00,sz.002706,良信股份,买入,买入25%,7.04,400,2814.81,5.03,6100,6686.07,6500,3866.23,49561.23,8,
2025-01-15,2025-01-15 00:00:00,sz.002706,良信股份,买入,买入25%,7.02,200,1403.40,5.01,6500,3866.23,6700,2457.81,49424.81,9,
2025-01-16,2025-01-16 00:00:00,sz.002706,良信股份,买入,买入25%,7.40,100,739.74,5.01,6700,2457.81,6800,1713.07,51965.07,10,
2025-01-17,2025-01-17 00:00:00,sz.002706,良信股份,买入,买入25%,7.51,100,750.75,5.01,6800,1713.07,6900,957.31,52707.31,11,
2025-01-20,2025-01-20 00:00:00,sz.002706,良信股份,决策,买入25%,6.92,0,0.00,0.00,6900,957.31,6900,957.31,53535.31,13,未执行（可能资金不足或持仓不足）
2025-01-21,2025-01-21 00:00:00,sz.002706,良信股份,决策,买入25%,6.97,0,0.00,0.00,6900,957.31,6900,957.31,53949.31,14,未执行（可能资金不足或持仓不足）
2025-01-22,2025-01-22 00:00:00,sz.002706,良信股份,决策,买入25%,6.93,0,0.00,0.00,6900,957.31,6900,957.31,54294.31,15,未执行（可能资金不足或持仓不足）
2025-01-23,2025-01-23 00:00:00,sz.002706,良信股份,决策,买入25%,6.87,0,0.00,0.00,6900,957.31,6900,957.31,55812.31,16,未执行（可能资金不足或持仓不足）
2025-01-24,2025-01-24 00:00:00,sz.002706,良信股份,决策,买入25%,6.96,0,0.00,0.00,6900,957.31,6900,957.31,54363.31,17,未执行（可能资金不足或持仓不足）
2025-01-27,2025-01-27 00:00:00,sz.002706,良信股份,决策,买入25%,6.83,0,0.00,0.00,6900,957.31,6900,957.31,56847.31,18,未执行（可能资金不足或持仓不足）
2025-02-05,2025-02-05 00:00:00,sz.002706,良信股份,决策,买入25%,6.81,0,0.00,0.00,6900,957.31,6900,957.31,58296.31,19,未执行（可能资金不足或持仓不足）
2025-02-06,2025-02-06 00:00:00,sz.002706,良信股份,决策,买入25%,6.86,0,0.00,0.00,6900,957.31,6900,957.31,64023.31,20,未执行（可能资金不足或持仓不足）
2025-02-07,2025-02-07 00:00:00,sz.002706,良信股份,决策,买入25%,7.10,0,0.00,0.00,6900,957.31,6900,957.31,64782.31,21,未执行（可能资金不足或持仓不足）
2025-02-10,2025-02-10 00:00:00,sz.002706,良信股份,决策,买入25%,7.14,0,0.00,0.00,6900,957.31,6900,957.31,63540.31,22,未执行（可能资金不足或持仓不足）
2025-02-11,2025-02-11 00:00:00,sz.002706,良信股份,决策,买入25%,7.16,0,0.00,0.00,6900,957.31,6900,957.31,67335.31,23,未执行（可能资金不足或持仓不足）
2025-02-13,2025-02-13 00:00:00,sz.002706,良信股份,卖出,卖出100%,9.94,6900,68586.35,52.13,6900,957.31,0,69491.53,69491.53,24,
2025-02-14,2025-02-14 00:00:00,sz.002706,良信股份,决策,卖出100%,7.13,0,0.00,0.00,0,69491.53,0,69491.53,69491.53,26,未执行（可能资金不足或持仓不足）
2025-02-17,2025-02-17 00:00:00,sz.002706,良信股份,决策,卖出100%,7.09,0,0.00,0.00,0,69491.53,0,69491.53,69491.53,27,未执行（可能资金不足或持仓不足）
2025-02-18,2025-02-18 00:00:00,sz.002706,良信股份,决策,卖出100%,6.94,0,0.00,0.00,0,69491.53,0,69491.53,69491.53,28,未执行（可能资金不足或持仓不足）
2025-02-19,2025-02-19 00:00:00,sz.002706,良信股份,决策,卖出50%,7.03,0,0.00,0.00,0,69491.53,0,69491.53,69491.53,29,未执行（可能资金不足或持仓不足）
2025-02-20,2025-02-20 00:00:00,sz.002706,良信股份,决策,卖出50%,7.01,0,0.00,0.00,0,69491.53,0,69491.53,69491.53,30,未执行（可能资金不足或持仓不足）
2025-02-21,2025-02-21 00:00:00,sz.002706,良信股份,决策,卖出50%,7.39,0,0.00,0.00,0,69491.53,0,69491.53,69491.53,31,未执行（可能资金不足或持仓不足）
2025-02-24,2025-02-24 00:00:00,sz.002706,良信股份,决策,卖出50%,7.50,0,0.00,0.00,0,69491.53,0,69491.53,69491.53,32,未执行（可能资金不足或持仓不足）
2025-02-25,2025-02-25 00:00:00,sz.002706,良信股份,决策,卖出50%,7.62,0,0.00,0.00,0,69491.53,0,69491.53,69491.53,33,未执行（可能资金不足或持仓不足）
2025-02-26,2025-02-26 00:00:00,sz.002706,良信股份,决策,卖出50%,7.68,0,0.00,0.00,0,69491.53,0,69491.53,69491.53,34,未执行（可能资金不足或持仓不足）
2025-02-27,2025-02-27 00:00:00,sz.002706,良信股份,决策,卖出50%,7.73,0,0.00,0.00,0,69491.53,0,69491.53,69491.53,35,未执行（可能资金不足或持仓不足）
2025-02-28,2025-02-28 00:00:00,sz.002706,良信股份,决策,卖出50%,7.95,0,0.00,0.00,0,69491.53,0,69491.53,69491.53,36,未执行（可能资金不足或持仓不足）
2025-03-03,2025-03-03 00:00:00,sz.002706,良信股份,决策,卖出50%,7.74,0,0.00,0.00,0,69491.53,0,69491.53,69491.53,37,未执行（可能资金不足或持仓不足）
2025-03-04,2025-03-04 00:00:00,sz.002706,良信股份,决策,卖出50%,8.10,0,0.00,0.00,0,69491.53,0,69491.53,69491.53,38,未执行（可能资金不足或持仓不足）
2025-03-05,2025-03-05 00:00:00,sz.002706,良信股份,决策,卖出50%,8.31,0,0.00,0.00,0,69491.53,0,69491.53,69491.53,39,未执行（可能资金不足或持仓不足）
2025-03-06,2025-03-06 00:00:00,sz.002706,良信股份,决策,卖出50%,9.14,0,0.00,0.00,0,69491.53,0,69491.53,69491.53,40,未执行（可能资金不足或持仓不足）
2025-03-07,2025-03-07 00:00:00,sz.002706,良信股份,决策,卖出50%,9.25,0,0.00,0.00,0,69491.53,0,69491.53,69491.53,41,未执行（可能资金不足或持仓不足）
2025-03-10,2025-03-10 00:00:00,sz.002706,良信股份,决策,卖出50%,9.07,0,0.00,0.00,0,69491.53,0,69491.53,69491.53,42,未执行（可能资金不足或持仓不足）
2025-03-12,2025-03-12 00:00:00,sz.002706,良信股份,买入,买入25%,7.73,4400,34001.97,8.84,0,69491.53,4400,35480.72,69448.72,43,
2025-03-13,2025-03-13 00:00:00,sz.002706,良信股份,买入,买入25%,7.85,2200,17265.25,5.17,4400,35480.72,6600,18210.30,69954.30,44,
2025-03-14,2025-03-14 00:00:00,sz.002706,良信股份,买入,买入25%,7.82,1100,8599.59,5.09,6600,18210.30,7700,9605.62,69742.62,45,
2025-03-17,2025-03-17 00:00:00,sz.002706,良信股份,买入,买入25%,7.66,600,4594.59,5.05,7700,9605.62,8300,5005.99,68500.99,46,
2025-03-18,2025-03-18 00:00:00,sz.002706,良信股份,买入,买入25%,7.50,300,2249.25,5.02,8300,5005.99,8600,2751.72,67165.72,47,
2025-03-19,2025-03-19 00:00:00,sz.002706,良信股份,买入,买入25%,7.52,100,751.75,5.01,8600,2751.72,8700,1994.96,67331.96,48,
2025-03-20,2025-03-20 00:00:00,sz.002706,良信股份,买入,买入25%,8.01,100,800.80,5.01,8700,1994.96,8800,1189.15,71589.15,49,
2025-03-21,2025-03-21 00:00:00,sz.002706,良信股份,决策,买入25%,9.42,0,0.00,0.00,8800,1189.15,8800,1189.15,70709.15,51,未执行（可能资金不足或持仓不足）
2025-03-24,2025-03-24 00:00:00,sz.002706,良信股份,决策,买入25%,9.30,0,0.00,0.00,8800,1189.15,8800,1189.15,70269.15,52,未执行（可能资金不足或持仓不足）
2025-04-08,2025-04-08 00:00:00,sz.002706,良信股份,卖出,买入100%,8.74,2200,19230.75,14.81,8800,1189.15,6600,20405.09,78155.09,61,
2025-04-09,2025-04-09 00:00:00,sz.002706,良信股份,卖出,卖出100%,8.78,6600,57955.99,44.05,6600,20405.09,0,78317.03,78317.03,62,
2025-04-10,2025-04-10 00:00:00,sz.002706,良信股份,决策,卖出100%,7.72,0,0.00,0.00,0,78317.03,0,78317.03,78317.03,64,未执行（可能资金不足或持仓不足）
2025-04-11,2025-04-11 00:00:00,sz.002706,良信股份,决策,卖出50%,7.84,0,0.00,0.00,0,78317.03,0,78317.03,78317.03,65,未执行（可能资金不足或持仓不足）
2025-04-14,2025-04-14 00:00:00,sz.002706,良信股份,决策,卖出50%,7.81,0,0.00,0.00,0,78317.03,0,78317.03,78317.03,66,未执行（可能资金不足或持仓不足）
2025-04-15,2025-04-15 00:00:00,sz.002706,良信股份,决策,卖出50%,7.65,0,0.00,0.00,0,78317.03,0,78317.03,78317.03,67,未执行（可能资金不足或持仓不足）
2025-04-16,2025-04-16 00:00:00,sz.002706,良信股份,决策,卖出50%,7.49,0,0.00,0.00,0,78317.03,0,78317.03,78317.03,68,未执行（可能资金不足或持仓不足）
2025-04-17,2025-04-17 00:00:00,sz.002706,良信股份,决策,卖出50%,7.51,0,0.00,0.00,0,78317.03,0,78317.03,78317.03,69,未执行（可能资金不足或持仓不足）
2025-04-18,2025-04-18 00:00:00,sz.002706,良信股份,决策,卖出50%,8.00,0,0.00,0.00,0,78317.03,0,78317.03,78317.03,70,未执行（可能资金不足或持仓不足）
2025-04-21,2025-04-21 00:00:00,sz.002706,良信股份,决策,卖出50%,7.90,0,0.00,0.00,0,78317.03,0,78317.03,78317.03,71,未执行（可能资金不足或持仓不足）
2025-04-22,2025-04-22 00:00:00,sz.002706,良信股份,决策,卖出50%,7.85,0,0.00,0.00,0,78317.03,0,78317.03,78317.03,72,未执行（可能资金不足或持仓不足）
2025-04-23,2025-04-23 00:00:00,sz.002706,良信股份,决策,卖出50%,8.06,0,0.00,0.00,0,78317.03,0,78317.03,78317.03,73,未执行（可能资金不足或持仓不足）
2025-04-24,2025-04-24 00:00:00,sz.002706,良信股份,决策,卖出50%,7.99,0,0.00,0.00,0,78317.03,0,78317.03,78317.03,74,未执行（可能资金不足或持仓不足）
2025-04-25,2025-04-25 00:00:00,sz.002706,良信股份,决策,卖出50%,8.14,0,0.00,0.00,0,78317.03,0,78317.03,78317.03,75,未执行（可能资金不足或持仓不足）
2025-04-28,2025-04-28 00:00:00,sz.002706,良信股份,决策,卖出50%,8.05,0,0.00,0.00,0,78317.03,0,78317.03,78317.03,76,未执行（可能资金不足或持仓不足）
2025-04-29,2025-04-29 00:00:00,sz.002706,良信股份,决策,卖出50%,8.25,0,0.00,0.00,0,78317.03,0,78317.03,78317.03,77,未执行（可能资金不足或持仓不足）
2025-04-30,2025-04-30 00:00:00,sz.002706,良信股份,决策,卖出50%,8.36,0,0.00,0.00,0,78317.03,0,78317.03,78317.03,78,未执行（可能资金不足或持仓不足）
2025-05-06,2025-05-06 00:00:00,sz.002706,良信股份,决策,卖出50%,8.46,0,0.00,0.00,0,78317.03,0,78317.03,78317.03,79,未执行（可能资金不足或持仓不足）
2025-05-07,2025-05-07 00:00:00,sz.002706,良信股份,决策,卖出50%,8.56,0,0.00,0.00,0,78317.03,0,78317.03,78317.03,80,未执行（可能资金不足或持仓不足）
2025-05-08,2025-05-08 00:00:00,sz.002706,良信股份,决策,卖出50%,8.71,0,0.00,0.00,0,78317.03,0,78317.03,78317.03,81,未执行（可能资金不足或持仓不足）
2025-05-09,2025-05-09 00:00:00,sz.002706,良信股份,决策,卖出100%,8.75,0,0.00,0.00,0,78317.03,0,78317.03,78317.03,82,未执行（可能资金不足或持仓不足）
2025-05-12,2025-05-12 00:00:00,sz.002706,良信股份,决策,卖出50%,8.79,0,0.00,0.00,0,78317.03,0,78317.03,78317.03,83,未执行（可能资金不足或持仓不足）
2025-05-13,2025-05-13 00:00:00,sz.002706,良信股份,决策,卖出50%,8.59,0,0.00,0.00,0,78317.03,0,78317.03,78317.03,84,未执行（可能资金不足或持仓不足）
2025-05-14,2025-05-14 00:00:00,sz.002706,良信股份,决策,卖出50%,8.48,0,0.00,0.00,0,78317.03,0,78317.03,78317.03,85,未执行（可能资金不足或持仓不足）
2025-05-15,2025-05-15 00:00:00,sz.002706,良信股份,决策,卖出50%,8.48,0,0.00,0.00,0,78317.03,0,78317.03,78317.03,86,未执行（可能资金不足或持仓不足）
2025-05-16,2025-05-16 00:00:00,sz.002706,良信股份,决策,卖出50%,8.50,0,0.00,0.00,0,78317.03,0,78317.03,78317.03,87,未执行（可能资金不足或持仓不足）
2025-05-19,2025-05-19 00:00:00,sz.002706,良信股份,决策,卖出50%,8.50,0,0.00,0.00,0,78317.03,0,78317.03,78317.03,88,未执行（可能资金不足或持仓不足）
2025-05-20,2025-05-20 00:00:00,sz.002706,良信股份,决策,卖出50%,8.88,0,0.00,0.00,0,78317.03,0,78317.03,78317.03,89,未执行（可能资金不足或持仓不足）
2025-05-21,2025-05-21 00:00:00,sz.002706,良信股份,决策,卖出50%,8.85,0,0.00,0.00,0,78317.03,0,78317.03,78317.03,90,未执行（可能资金不足或持仓不足）
2025-05-22,2025-05-22 00:00:00,sz.002706,良信股份,决策,卖出50%,8.87,0,0.00,0.00,0,78317.03,0,78317.03,78317.03,91,未执行（可能资金不足或持仓不足）
2025-05-23,2025-05-23 00:00:00,sz.002706,良信股份,决策,卖出50%,8.75,0,0.00,0.00,0,78317.03,0,78317.03,78317.03,92,未执行（可能资金不足或持仓不足）
2025-05-26,2025-05-26 00:00:00,sz.002706,良信股份,决策,卖出50%,8.72,0,0.00,0.00,0,78317.03,0,78317.03,78317.03,93,未执行（可能资金不足或持仓不足）
2025-05-27,2025-05-27 00:00:00,sz.002706,良信股份,决策,卖出50%,8.63,0,0.00,0.00,0,78317.03,0,78317.03,78317.03,94,未执行（可能资金不足或持仓不足）
2025-05-28,2025-05-28 00:00:00,sz.002706,良信股份,决策,卖出50%,8.58,0,0.00,0.00,0,78317.03,0,78317.03,78317.03,95,未执行（可能资金不足或持仓不足）
2025-05-29,2025-05-29 00:00:00,sz.002706,良信股份,决策,卖出100%,8.61,0,0.00,0.00,0,78317.03,0,78317.03,78317.03,96,未执行（可能资金不足或持仓不足）
2025-05-30,2025-05-30 00:00:00,sz.002706,良信股份,决策,卖出50%,8.36,0,0.00,0.00,0,78317.03,0,78317.03,78317.03,97,未执行（可能资金不足或持仓不足）
2025-06-03,2025-06-03 00:00:00,sz.002706,良信股份,决策,卖出50%,8.33,0,0.00,0.00,0,78317.03,0,78317.03,78317.03,98,未执行（可能资金不足或持仓不足）
2025-06-04,2025-06-04 00:00:00,sz.002706,良信股份,决策,卖出50%,8.37,0,0.00,0.00,0,78317.03,0,78317.03,78317.03,99,未执行（可能资金不足或持仓不足）
2025-06-05,2025-06-05 00:00:00,sz.002706,良信股份,决策,卖出50%,8.55,0,0.00,0.00,0,78317.03,0,78317.03,78317.03,100,未执行（可能资金不足或持仓不足）
2025-06-06,2025-06-06 00:00:00,sz.002706,良信股份,决策,卖出50%,8.55,0,0.00,0.00,0,78317.03,0,78317.03,78317.03,101,未执行（可能资金不足或持仓不足）
2025-06-09,2025-06-09 00:00:00,sz.002706,良信股份,决策,卖出50%,8.62,0,0.00,0.00,0,78317.03,0,78317.03,78317.03,102,未执行（可能资金不足或持仓不足）
2025-06-10,2025-06-10 00:00:00,sz.002706,良信股份,决策,卖出50%,8.43,0,0.00,0.00,0,78317.03,0,78317.03,78317.03,103,未执行（可能资金不足或持仓不足）
2025-06-11,2025-06-11 00:00:00,sz.002706,良信股份,决策,卖出50%,8.46,0,0.00,0.00,0,78317.03,0,78317.03,78317.03,104,未执行（可能资金不足或持仓不足）
2025-06-12,2025-06-12 00:00:00,sz.002706,良信股份,决策,卖出50%,8.46,0,0.00,0.00,0,78317.03,0,78317.03,78317.03,105,未执行（可能资金不足或持仓不足）
2025-06-13,2025-06-13 00:00:00,sz.002706,良信股份,决策,卖出50%,8.34,0,0.00,0.00,0,78317.03,0,78317.03,78317.03,106,未执行（可能资金不足或持仓不足）
2025-06-16,2025-06-16 00:00:00,sz.002706,良信股份,决策,卖出50%,8.62,0,0.00,0.00,0,78317.03,0,78317.03,78317.03,107,未执行（可能资金不足或持仓不足）
2025-06-17,2025-06-17 00:00:00,sz.002706,良信股份,决策,卖出50%,8.67,0,0.00,0.00,0,78317.03,0,78317.03,78317.03,108,未执行（可能资金不足或持仓不足）
2025-06-18,2025-06-18 00:00:00,sz.002706,良信股份,决策,卖出50%,8.52,0,0.00,0.00,0,78317.03,0,78317.03,78317.03,109,未执行（可能资金不足或持仓不足）
2025-06-19,2025-06-19 00:00:00,sz.002706,良信股份,决策,卖出50%,8.50,0,0.00,0.00,0,78317.03,0,78317.03,78317.03,110,未执行（可能资金不足或持仓不足）
2025-06-20,2025-06-20 00:00:00,sz.002706,良信股份,决策,卖出50%,8.60,0,0.00,0.00,0,78317.03,0,78317.03,78317.03,111,未执行（可能资金不足或持仓不足）
2025-06-23,2025-06-23 00:00:00,sz.002706,良信股份,决策,卖出50%,8.50,0,0.00,0.00,0,78317.03,0,78317.03,78317.03,112,未执行（可能资金不足或持仓不足）
2025-06-24,2025-06-24 00:00:00,sz.002706,良信股份,决策,卖出50%,9.00,0,0.00,0.00,0,78317.03,0,78317.03,78317.03,113,未执行（可能资金不足或持仓不足）
2025-06-25,2025-06-25 00:00:00,sz.002706,良信股份,决策,卖出50%,9.08,0,0.00,0.00,0,78317.03,0,78317.03,78317.03,114,未执行（可能资金不足或持仓不足）
2025-06-26,2025-06-26 00:00:00,sz.002706,良信股份,决策,卖出50%,9.09,0,0.00,0.00,0,78317.03,0,78317.03,78317.03,115,未执行（可能资金不足或持仓不足）
2025-06-27,2025-06-27 00:00:00,sz.002706,良信股份,决策,卖出50%,9.06,0,0.00,0.00,0,78317.03,0,78317.03,78317.03,116,未执行（可能资金不足或持仓不足）
2025-06-30,2025-06-30 00:00:00,sz.002706,良信股份,决策,卖出50%,8.91,0,0.00,0.00,0,78317.03,0,78317.03,78317.03,117,未执行（可能资金不足或持仓不足）
2025-07-01,2025-07-01 00:00:00,sz.002706,良信股份,决策,卖出50%,9.21,0,0.00,0.00,0,78317.03,0,78317.03,78317.03,118,未执行（可能资金不足或持仓不足）
2025-07-02,2025-07-02 00:00:00,sz.002706,良信股份,决策,卖出50%,9.00,0,0.00,0.00,0,78317.03,0,78317.03,78317.03,119,未执行（可能资金不足或持仓不足）
2025-07-03,2025-07-03 00:00:00,sz.002706,良信股份,决策,卖出50%,9.00,0,0.00,0.00,0,78317.03,0,78317.03,78317.03,120,未执行（可能资金不足或持仓不足）
2025-07-04,2025-07-04 00:00:00,sz.002706,良信股份,决策,卖出50%,8.90,0,0.00,0.00,0,78317.03,0,78317.03,78317.03,121,未执行（可能资金不足或持仓不足）
2025-07-07,2025-07-07 00:00:00,sz.002706,良信股份,决策,卖出50%,9.05,0,0.00,0.00,0,78317.03,0,78317.03,78317.03,122,未执行（可能资金不足或持仓不足）
2025-07-08,2025-07-08 00:00:00,sz.002706,良信股份,买入,买入50%,10.04,7000,70280.21,18.27,0,78317.03,7000,8018.55,78228.55,122,
2025-07-09,2025-07-09 00:00:00,sz.002706,良信股份,决策,买入50%,9.11,0,0.00,0.00,7000,8018.55,7000,8018.55,77738.55,124,未执行（可能资金不足或持仓不足）
2025-07-10,2025-07-10 00:00:00,sz.002706,良信股份,买入,买入25%,10.15,300,3045.04,5.03,7000,8018.55,7300,4968.48,78990.48,124,
2025-07-11,2025-07-11 00:00:00,sz.002706,良信股份,卖出,卖出100%,11.14,7300,81313.60,61.80,7300,4968.48,0,86220.28,86220.28,125,
2025-07-14,2025-07-14 00:00:00,sz.002706,良信股份,决策,卖出100%,9.14,0,0.00,0.00,0,86220.28,0,86220.28,86220.28,127,未执行（可能资金不足或持仓不足）
2025-07-15,2025-07-15 00:00:00,sz.002706,良信股份,决策,卖出100%,9.25,0,0.00,0.00,0,86220.28,0,86220.28,86220.28,128,未执行（可能资金不足或持仓不足）
2025-07-16,2025-07-16 00:00:00,sz.002706,良信股份,决策,卖出100%,9.18,0,0.00,0.00,0,86220.28,0,86220.28,86220.28,129,未执行（可能资金不足或持仓不足）
2025-07-17,2025-07-17 00:00:00,sz.002706,良信股份,决策,卖出100%,9.28,0,0.00,0.00,0,86220.28,0,86220.28,86220.28,130,未执行（可能资金不足或持仓不足）
2025-07-18,2025-07-18 00:00:00,sz.002706,良信股份,决策,卖出100%,9.07,0,0.00,0.00,0,86220.28,0,86220.28,86220.28,131,未执行（可能资金不足或持仓不足）
2025-07-21,2025-07-21 00:00:00,sz.002706,良信股份,决策,卖出100%,9.06,0,0.00,0.00,0,86220.28,0,86220.28,86220.28,132,未执行（可能资金不足或持仓不足）
2025-07-22,2025-07-22 00:00:00,sz.002706,良信股份,决策,卖出100%,9.16,0,0.00,0.00,0,86220.28,0,86220.28,86220.28,133,未执行（可能资金不足或持仓不足）
2025-07-23,2025-07-23 00:00:00,sz.002706,良信股份,决策,卖出100%,9.05,0,0.00,0.00,0,86220.28,0,86220.28,86220.28,134,未执行（可能资金不足或持仓不足）
2025-07-24,2025-07-24 00:00:00,sz.002706,良信股份,决策,卖出100%,9.13,0,0.00,0.00,0,86220.28,0,86220.28,86220.28,135,未执行（可能资金不足或持仓不足）
2025-07-25,2025-07-25 00:00:00,sz.002706,良信股份,决策,卖出100%,8.98,0,0.00,0.00,0,86220.28,0,86220.28,86220.28,136,未执行（可能资金不足或持仓不足）
2025-07-28,2025-07-28 00:00:00,sz.002706,良信股份,决策,卖出100%,8.85,0,0.00,0.00,0,86220.28,0,86220.28,86220.28,137,未执行（可能资金不足或持仓不足）
2025-07-29,2025-07-29 00:00:00,sz.002706,良信股份,决策,卖出100%,8.82,0,0.00,0.00,0,86220.28,0,86220.28,86220.28,138,未执行（可能资金不足或持仓不足）
2025-07-30,2025-07-30 00:00:00,sz.002706,良信股份,决策,卖出100%,8.76,0,0.00,0.00,0,86220.28,0,86220.28,86220.28,139,未执行（可能资金不足或持仓不足）
2025-07-31,2025-07-31 00:00:00,sz.002706,良信股份,决策,卖出100%,9.64,0,0.00,0.00,0,86220.28,0,86220.28,86220.28,140,未执行（可能资金不足或持仓不足）
2025-08-01,2025-08-01 00:00:00,sz.002706,良信股份,决策,卖出100%,9.15,0,0.00,0.00,0,86220.28,0,86220.28,86220.28,141,未执行（可能资金不足或持仓不足）
2025-08-04,2025-08-04 00:00:00,sz.002706,良信股份,决策,卖出50%,9.12,0,0.00,0.00,0,86220.28,0,86220.28,86220.28,142,未执行（可能资金不足或持仓不足）
2025-08-05,2025-08-05 00:00:00,sz.002706,良信股份,决策,卖出50%,10.03,0,0.00,0.00,0,86220.28,0,86220.28,86220.28,143,未执行（可能资金不足或持仓不足）
2025-08-06,2025-08-06 00:00:00,sz.002706,良信股份,决策,卖出50%,9.96,0,0.00,0.00,0,86220.28,0,86220.28,86220.28,144,未执行（可能资金不足或持仓不足）
2025-08-07,2025-08-07 00:00:00,sz.002706,良信股份,决策,卖出50%,10.14,0,0.00,0.00,0,86220.28,0,86220.28,86220.28,145,未执行（可能资金不足或持仓不足）
2025-08-08,2025-08-08 00:00:00,sz.002706,良信股份,决策,卖出50%,11.15,0,0.00,0.00,0,86220.28,0,86220.28,86220.28,146,未执行（可能资金不足或持仓不足）
2025-08-11,2025-08-11 00:00:00,sz.002706,良信股份,决策,卖出100%,11.32,0,0.00,0.00,0,86220.28,0,86220.28,86220.28,147,未执行（可能资金不足或持仓不足）
2025-08-12,2025-08-12 00:00:00,sz.002706,良信股份,决策,卖出50%,10.80,0,0.00,0.00,0,86220.28,0,86220.28,86220.28,148,未执行（可能资金不足或持仓不足）
2025-08-13,2025-08-13 00:00:00,sz.002706,良信股份,决策,卖出100%,10.80,0,0.00,0.00,0,86220.28,0,86220.28,86220.28,149,未执行（可能资金不足或持仓不足）
2025-08-14,2025-08-14 00:00:00,sz.002706,良信股份,决策,卖出100%,10.51,0,0.00,0.00,0,86220.28,0,86220.28,86220.28,150,未执行（可能资金不足或持仓不足）
2025-08-15,2025-08-15 00:00:00,sz.002706,良信股份,决策,卖出50%,10.90,0,0.00,0.00,0,86220.28,0,86220.28,86220.28,151,未执行（可能资金不足或持仓不足）
2025-08-18,2025-08-18 00:00:00,sz.002706,良信股份,决策,卖出50%,11.32,0,0.00,0.00,0,86220.28,0,86220.28,86220.28,152,未执行（可能资金不足或持仓不足）
2025-08-19,2025-08-19 00:00:00,sz.002706,良信股份,决策,卖出100%,11.80,0,0.00,0.00,0,86220.28,0,86220.28,86220.28,153,未执行（可能资金不足或持仓不足）
2025-08-20,2025-08-20 00:00:00,sz.002706,良信股份,决策,卖出100%,11.48,0,0.00,0.00,0,86220.28,0,86220.28,86220.28,154,未执行（可能资金不足或持仓不足）
2025-08-21,2025-08-21 00:00:00,sz.002706,良信股份,决策,卖出100%,11.15,0,0.00,0.00,0,86220.28,0,86220.28,86220.28,155,未执行（可能资金不足或持仓不足）
2025-08-22,2025-08-22 00:00:00,sz.002706,良信股份,决策,卖出100%,11.32,0,0.00,0.00,0,86220.28,0,86220.28,86220.28,156,未执行（可能资金不足或持仓不足）
2025-08-25,2025-08-25 00:00:00,sz.002706,良信股份,决策,卖出100%,12.45,0,0.00,0.00,0,86220.28,0,86220.28,86220.28,157,未执行（可能资金不足或持仓不足）
2025-08-26,2025-08-26 00:00:00,sz.002706,良信股份,决策,卖出50%,12.33,0,0.00,0.00,0,86220.28,0,86220.28,86220.28,158,未执行（可能资金不足或持仓不足）
2025-08-27,2025-08-27 00:00:00,sz.002706,良信股份,决策,卖出50%,11.56,0,0.00,0.00,0,86220.28,0,86220.28,86220.28,159,未执行（可能资金不足或持仓不足）
2025-08-28,2025-08-28 00:00:00,sz.002706,良信股份,决策,卖出100%,11.81,0,0.00,0.00,0,86220.28,0,86220.28,86220.28,160,未执行（可能资金不足或持仓不足）
2025-08-29,2025-08-29 00:00:00,sz.002706,良信股份,决策,卖出100%,11.52,0,0.00,0.00,0,86220.28,0,86220.28,86220.28,161,未执行（可能资金不足或持仓不足）
2025-09-01,2025-09-01 00:00:00,sz.002706,良信股份,决策,卖出50%,11.43,0,0.00,0.00,0,86220.28,0,86220.28,86220.28,162,未执行（可能资金不足或持仓不足）
2025-09-02,2025-09-02 00:00:00,sz.002706,良信股份,决策,卖出50%,10.85,0,0.00,0.00,0,86220.28,0,86220.28,86220.28,163,未执行（可能资金不足或持仓不足）
2025-09-03,2025-09-03 00:00:00,sz.002706,良信股份,决策,卖出50%,11.15,0,0.00,0.00,0,86220.28,0,86220.28,86220.28,164,未执行（可能资金不足或持仓不足）
2025-09-04,2025-09-04 00:00:00,sz.002706,良信股份,决策,卖出50%,10.71,0,0.00,0.00,0,86220.28,0,86220.28,86220.28,165,未执行（可能资金不足或持仓不足）
2025-09-05,2025-09-05 00:00:00,sz.002706,良信股份,决策,卖出50%,11.18,0,0.00,0.00,0,86220.28,0,86220.28,86220.28,166,未执行（可能资金不足或持仓不足）
2025-09-08,2025-09-08 00:00:00,sz.002706,良信股份,决策,卖出50%,11.45,0,0.00,0.00,0,86220.28,0,86220.28,86220.28,167,未执行（可能资金不足或持仓不足）
2025-09-09,2025-09-09 00:00:00,sz.002706,良信股份,决策,卖出100%,11.07,0,0.00,0.00,0,86220.28,0,86220.28,86220.28,168,未执行（可能资金不足或持仓不足）
2025-09-10,2025-09-10 00:00:00,sz.002706,良信股份,决策,卖出100%,10.98,0,0.00,0.00,0,86220.28,0,86220.28,86220.28,169,未执行（可能资金不足或持仓不足）
2025-09-11,2025-09-11 00:00:00,sz.002706,良信股份,决策,卖出100%,12.08,0,0.00,0.00,0,86220.28,0,86220.28,86220.28,170,未执行（可能资金不足或持仓不足）
2025-09-12,2025-09-12 00:00:00,sz.002706,良信股份,决策,卖出100%,11.60,0,0.00,0.00,0,86220.28,0,86220.28,86220.28,171,未执行（可能资金不足或持仓不足）
2025-09-15,2025-09-15 00:00:00,sz.002706,良信股份,决策,卖出100%,11.59,0,0.00,0.00,0,86220.28,0,86220.28,86220.28,172,未执行（可能资金不足或持仓不足）
2025-09-16,2025-09-16 00:00:00,sz.002706,良信股份,决策,卖出100%,11.79,0,0.00,0.00,0,86220.28,0,86220.28,86220.28,173,未执行（可能资金不足或持仓不足）
2025-09-17,2025-09-17 00:00:00,sz.002706,良信股份,决策,卖出100%,11.92,0,0.00,0.00,0,86220.28,0,86220.28,86220.28,174,未执行（可能资金不足或持仓不足）
2025-09-18,2025-09-18 00:00:00,sz.002706,良信股份,决策,卖出100%,11.71,0,0.00,0.00,0,86220.28,0,86220.28,86220.28,175,未执行（可能资金不足或持仓不足）
2025-09-19,2025-09-19 00:00:00,sz.002706,良信股份,决策,卖出100%,11.55,0,0.00,0.00,0,86220.28,0,86220.28,86220.28,176,未执行（可能资金不足或持仓不足）
2025-09-22,2025-09-22 00:00:00,sz.002706,良信股份,决策,卖出50%,11.75,0,0.00,0.00,0,86220.28,0,86220.28,86220.28,177,未执行（可能资金不足或持仓不足）
2025-09-23,2025-09-23 00:00:00,sz.002706,良信股份,决策,卖出100%,12.14,0,0.00,0.00,0,86220.28,0,86220.28,86220.28,178,未执行（可能资金不足或持仓不足）
2025-09-24,2025-09-24 00:00:00,sz.002706,良信股份,决策,卖出50%,12.00,0,0.00,0.00,0,86220.28,0,86220.28,86220.28,179,未执行（可能资金不足或持仓不足）
2025-09-25,2025-09-25 00:00:00,sz.002706,良信股份,决策,卖出50%,11.93,0,0.00,0.00,0,86220.28,0,86220.28,86220.28,180,未执行（可能资金不足或持仓不足）
2025-09-26,2025-09-26 00:00:00,sz.002706,良信股份,决策,卖出100%,11.57,0,0.00,0.00,0,86220.28,0,86220.28,86220.28,181,未执行（可能资金不足或持仓不足）
2025-09-29,2025-09-29 00:00:00,sz.002706,良信股份,决策,卖出100%,11.56,0,0.00,0.00,0,86220.28,0,86220.28,86220.28,182,未执行（可能资金不足或持仓不足）
2025-09-30,2025-09-30 00:00:00,sz.002706,良信股份,决策,卖出50%,11.35,0,0.00,0.00,0,86220.28,0,86220.28,86220.28,183,未执行（可能资金不足或持仓不足）
2025-10-09,2025-10-09 00:00:00,sz.002706,良信股份,决策,卖出100%,11.41,0,0.00,0.00,0,86220.28,0,86220.28,86220.28,184,未执行（可能资金不足或持仓不足）
2025-10-10,2025-10-10 00:00:00,sz.002706,良信股份,决策,卖出100%,11.73,0,0.00,0.00,0,86220.28,0,86220.28,86220.28,185,未执行（可能资金不足或持仓不足）
2025-10-13,2025-10-13 00:00:00,sz.002706,良信股份,决策,卖出100%,11.23,0,0.00,0.00,0,86220.28,0,86220.28,86220.28,186,未执行（可能资金不足或持仓不足）
2025-10-14,2025-10-14 00:00:00,sz.002706,良信股份,决策,卖出100%,11.25,0,0.00,0.00,0,86220.28,0,86220.28,86220.28,187,未执行（可能资金不足或持仓不足）
2025-10-15,2025-10-15 00:00:00,sz.002706,良信股份,决策,卖出100%,12.38,0,0.00,0.00,0,86220.28,0,86220.28,86220.28,188,未执行（可能资金不足或持仓不足）
2025-10-16,2025-10-16 00:00:00,sz.002706,良信股份,决策,卖出100%,12.25,0,0.00,0.00,0,86220.28,0,86220.28,86220.28,189,未执行（可能资金不足或持仓不足）
2025-10-17,2025-10-17 00:00:00,sz.002706,良信股份,决策,卖出100%,11.03,0,0.00,0.00,0,86220.28,0,86220.28,86220.28,190,未执行（可能资金不足或持仓不足）
2025-10-20,2025-10-20 00:00:00,sz.002706,良信股份,决策,卖出50%,11.18,0,0.00,0.00,0,86220.28,0,86220.28,86220.28,191,未执行（可能资金不足或持仓不足）
2025-10-21,2025-10-21 00:00:00,sz.002706,良信股份,决策,卖出50%,11.55,0,0.00,0.00,0,86220.28,0,86220.28,86220.28,192,未执行（可能资金不足或持仓不足）
2025-10-22,2025-10-22 00:00:00,sz.002706,良信股份,决策,卖出50%,11.39,0,0.00,0.00,0,86220.28,0,86220.28,86220.28,193,未执行（可能资金不足或持仓不足）
2025-10-23,2025-10-23 00:00:00,sz.002706,良信股份,决策,卖出50%,11.04,0,0.00,0.00,0,86220.28,0,86220.28,86220.28,194,未执行（可能资金不足或持仓不足）
2025-10-24,2025-10-24 00:00:00,sz.002706,良信股份,决策,卖出50%,11.49,0,0.00,0.00,0,86220.28,0,86220.28,86220.28,195,未执行（可能资金不足或持仓不足）
2025-10-27,2025-10-27 00:00:00,sz.002706,良信股份,决策,卖出50%,10.71,0,0.00,0.00,0,86220.28,0,86220.28,86220.28,196,未执行（可能资金不足或持仓不足）
2025-10-28,2025-10-28 00:00:00,sz.002706,良信股份,决策,卖出50%,10.65,0,0.00,0.00,0,86220.28,0,86220.28,86220.28,197,未执行（可能资金不足或持仓不足）
2025-10-29,2025-10-29 00:00:00,sz.002706,良信股份,决策,卖出50%,10.91,0,0.00,0.00,0,86220.28,0,86220.28,86220.28,198,未执行（可能资金不足或持仓不足）
2025-10-30,2025-10-30 00:00:00,sz.002706,良信股份,决策,卖出100%,10.68,0,0.00,0.00,0,86220.28,0,86220.28,86220.28,199,未执行（可能资金不足或持仓不足）
2025-10-31,2025-10-31 00:00:00,sz.002706,良信股份,决策,卖出50%,10.60,0,0.00,0.00,0,86220.28,0,86220.28,86220.28,200,未执行（可能资金不足或持仓不足）
2025-11-03,2025-11-03 00:00:00,sz.002706,良信股份,决策,卖出100%,10.84,0,0.00,0.00,0,86220.28,0,86220.28,86220.28,201,未执行（可能资金不足或持仓不足）
2025-11-04,2025-11-04 00:00:00,sz.002706,良信股份,决策,卖出100%,10.90,0,0.00,0.00,0,86220.28,0,86220.28,86220.28,202,未执行（可能资金不足或持仓不足）
2025-11-05,2025-11-05 00:00:00,sz.002706,良信股份,决策,卖出100%,11.37,0,0.00,0.00,0,86220.28,0,86220.28,86220.28,203,未执行（可能资金不足或持仓不足）
2025-11-06,2025-11-06 00:00:00,sz.002706,良信股份,决策,卖出100%,11.78,0,0.00,0.00,0,86220.28,0,86220.28,86220.28,204,未执行（可能资金不足或持仓不足）
2025-11-07,2025-11-07 00:00:00,sz.002706,良信股份,决策,卖出100%,12.96,0,0.00,0.00,0,86220.28,0,86220.28,86220.28,205,未执行（可能资金不足或持仓不足）
2025-11-10,2025-11-10 00:00:00,sz.002706,良信股份,决策,卖出100%,11.66,0,0.00,0.00,0,86220.28,0,86220.28,86220.28,206,未执行（可能资金不足或持仓不足）
2025-11-11,2025-11-11 00:00:00,sz.002706,良信股份,决策,卖出50%,11.96,0,0.00,0.00,0,86220.28,0,86220.28,86220.28,207,未执行（可能资金不足或持仓不足）
2025-11-12,2025-11-12 00:00:00,sz.002706,良信股份,决策,卖出50%,11.49,0,0.00,0.00,0,86220.28,0,86220.28,86220.28,208,未执行（可能资金不足或持仓不足）
2025-11-13,2025-11-13 00:00:00,sz.002706,良信股份,决策,卖出50%,11.11,0,0.00,0.00,0,86220.28,0,86220.28,86220.28,209,未执行（可能资金不足或持仓不足）
2025-11-14,2025-11-14 00:00:00,sz.002706,良信股份,决策,卖出50%,10.79,0,0.00,0.00,0,86220.28,0,86220.28,86220.28,210,未执行（可能资金不足或持仓不足）
2025-11-17,2025-11-17 00:00:00,sz.002706,良信股份,决策,卖出100%,10.63,0,0.00,0.00,0,86220.28,0,86220.28,86220.28,211,未执行（可能资金不足或持仓不足）
2025-11-18,2025-11-18 00:00:00,sz.002706,良信股份,决策,卖出50%,10.44,0,0.00,0.00,0,86220.28,0,86220.28,86220.28,212,未执行（可能资金不足或持仓不足）
2025-11-19,2025-11-19 00:00:00,sz.002706,良信股份,决策,卖出100%,10.35,0,0.00,0.00,0,86220.28,0,86220.28,86220.28,213,未执行（可能资金不足或持仓不足）
2025-11-20,2025-11-20 00:00:00,sz.002706,良信股份,决策,卖出50%,10.15,0,0.00,0.00,0,86220.28,0,86220.28,86220.28,214,未执行（可能资金不足或持仓不足）
