date,code,open,high,low,close,preclose,volume,amount,adjustflag,turn,tradestatus,pctChg,peTTM,psTTM,pcfNcfTTM,pbMRQ,isST
2023-12-18,sz.301413,80.0000,96.0000,74.5000,93.0000,33.2500,13304434,1097321954.9100,3,82.393100,1,179.699200,82.802704,9.871654,-193.075696,12.033354,0
2023-12-19,sz.301413,83.3000,84.9900,75.5100,80.9900,93.0000,11147877,893915364.3100,3,69.037700,1,-12.914000,72.109580,8.596830,-168.141942,10.479369,0
2023-12-20,sz.301413,79.3000,89.8800,76.6000,76.8500,80.9900,9983025,826700586.9100,3,61.823900,1,-5.111700,68.423525,8.157383,-159.546960,9.943691,0
2023-12-21,sz.301413,73.8500,78.3700,71.0000,72.8900,76.8500,8102091,596538693.4600,3,50.175500,1,-5.152900,64.897732,7.737041,-151.325672,9.431303,0
2023-12-22,sz.301413,71.4300,77.2300,68.7000,69.7000,72.8900,8145093,595177502.2100,3,50.441800,1,-4.376500,62.057510,7.398433,-144.702968,9.018546,0
2023-12-25,sz.301413,72.0200,76.5000,71.5000,75.1700,69.7000,8122225,601557155.1200,3,50.300100,1,7.847900,66.927734,7.979056,-156.059141,9.726314,0
2023-12-26,sz.301413,72.9100,81.2000,71.1200,75.5000,75.1700,8521583,645849424.9700,3,52.773300,1,0.439000,67.221550,8.014084,-156.744248,9.769013,0
2023-12-27,sz.301413,75.0000,77.9700,73.7600,75.2400,75.5000,5448204,410745331.6800,3,33.740200,1,-0.344400,66.990058,7.986486,-156.204467,9.735371,0
2023-12-28,sz.301413,76.0500,77.2000,71.1200,72.1700,75.2400,6453551,472321112.4500,3,39.966200,1,-4.080300,64.256679,7.660616,-149.830892,9.338141,0
2023-12-29,sz.301413,72.1700,75.6500,72.1600,74.2000,72.1700,5309312,391947908.2800,3,32.880100,1,2.812800,66.064093,7.876094,-154.045340,9.600805,0
2024-01-02,sz.301413,75.1100,76.4800,72.1300,73.2000,74.2000,4424053,328182920.5700,3,27.397700,1,-1.347700,65.173741,7.769947,-151.969258,9.471414,0
2024-01-03,sz.301413,72.0000,74.3000,68.5100,69.4200,73.2000,4574708,324482250.9200,3,28.330700,1,-5.163900,61.808212,7.368712,-144.121665,8.982316,0
2024-01-04,sz.301413,68.8700,72.7200,66.0500,71.4600,69.4200,4180316,292582504.5100,3,25.888300,1,2.938600,63.624529,7.585251,-148.356874,9.246274,0
2024-01-05,sz.301413,70.5200,71.9700,67.0500,67.2600,71.4600,2840172,196292922.4700,3,17.588900,1,-5.877400,59.885052,7.139435,-139.637326,8.702832,0
2024-01-08,sz.301413,67.5500,68.7800,65.3200,65.4000,67.2600,2187935,146184199.6800,3,13.549700,1,-2.765400,58.228998,6.942002,-135.775812,8.462165,0
2024-01-09,sz.301413,65.1000,67.3200,63.1600,64.0000,65.4000,2553911,166575000.7000,3,15.816100,1,-2.140700,56.982506,6.793396,-132.869296,8.281018,0
2024-01-10,sz.301413,63.0000,64.2300,61.7900,63.0500,64.0000,2044856,128402814.0000,3,12.663600,1,-1.484400,56.136672,6.692557,-130.897018,8.158096,0
2024-01-11,sz.301413,62.9100,65.3500,62.6000,65.2300,63.0500,2369825,151909362.4200,3,14.676100,1,3.457600,58.077638,6.923957,-135.422878,8.440168,0
2024-01-12,sz.301413,64.6000,67.4900,63.7000,63.9000,65.2300,2388086,156475289.4000,3,14.789200,1,-2.038900,56.893471,6.782781,-132.661688,8.268078,0
2024-01-15,sz.301413,63.6800,64.5800,62.2000,62.3000,63.9000,1863665,117752662.0000,3,11.541500,1,-2.503900,55.468908,6.612947,-129.339956,8.061053,0
2024-01-16,sz.301413,61.9800,62.3500,60.8800,62.3000,62.3000,1495777,91932347.2100,3,9.263200,1,0.000000,55.468908,6.612947,-129.339956,8.061053,0
2024-01-17,sz.301413,61.8800,61.8800,58.3600,58.5500,62.3000,2102282,125719534.6300,3,13.019200,1,-6.019300,52.130089,6.214896,-121.554645,7.575837,0
2024-01-18,sz.301413,58.7300,59.2000,56.0100,57.9400,58.5500,1582828,91078704.1400,3,9.802300,1,-1.041800,51.586975,6.150146,-120.288235,7.496909,0
2024-01-19,sz.301413,57.8600,58.4000,55.0000,55.8200,57.9400,1845270,103770246.9800,3,11.427600,1,-3.659000,49.699429,5.925115,-115.886939,7.222600,0
2024-01-22,sz.301413,55.9800,56.5000,51.0500,51.7000,55.8200,2130981,114328857.6400,3,13.197000,1,-7.380900,46.031180,5.487790,-107.333478,6.689509,0
2024-01-23,sz.301413,52.5300,55.7000,52.0600,53.2200,51.7000,2083614,111174823.2400,3,12.903600,1,2.940000,47.384515,5.649133,-110.489124,6.886184,0
2024-01-24,sz.301413,53.7000,53.9900,51.3000,52.5000,53.2200,1898849,99654356.0000,3,11.759400,1,-1.352900,46.743462,5.572708,-108.994345,6.793022,0
2024-01-25,sz.301413,52.5400,55.3500,52.0600,55.1500,52.5000,2062711,111509387.7800,3,12.774200,1,5.047600,49.102894,5.853997,-114.495964,7.135908,0
2024-01-26,sz.301413,55.2700,55.9400,54.1500,54.3000,55.1500,1472038,80678128.7500,3,9.116200,1,-1.541300,48.346095,5.763772,-112.731294,7.025926,0
2024-01-29,sz.301413,56.0000,58.9000,53.0300,53.7000,54.3000,3800781,213523323.1300,3,23.537900,1,-1.105000,47.811884,5.700084,-111.485644,6.948291,0
2024-01-30,sz.301413,51.7600,52.3900,50.2000,50.2800,53.7000,2647583,135382029.2500,3,16.396200,1,-6.368700,44.766881,5.337062,-104.385441,6.505774,0
2024-01-31,sz.301413,50.0100,51.4300,46.6600,47.0600,50.2800,1858368,91045357.8300,3,11.508700,1,-6.404100,41.899949,4.995269,-97.700454,6.089136,0
2024-02-01,sz.301413,46.8000,48.3700,46.8000,47.6100,47.0600,1339563,63916392.2200,3,8.295800,1,1.168700,42.389642,5.053650,-98.842300,6.160301,0
2024-02-02,sz.301413,47.6100,47.8000,40.8600,43.8200,47.6100,1993797,89982690.9900,3,12.347400,1,-7.960500,39.015209,4.651353,-90.973946,5.669909,0
2024-02-05,sz.301413,42.9900,43.3800,38.0000,38.1800,43.8200,1965878,78937648.4400,3,12.174500,1,-12.870800,33.993626,4.052685,-79.264840,4.940145,0
2024-02-06,sz.301413,38.1900,41.9100,38.1900,40.9200,38.1800,2261783,89977298.9500,3,14.007000,1,7.176500,36.433190,4.343528,-84.953306,5.294676,0
2024-02-07,sz.301413,40.8900,41.0000,36.6100,37.1000,40.9200,3586770,139574891.6900,3,22.212500,1,-9.335300,33.032046,3.938047,-77.022670,4.800402,0
2024-02-08,sz.301413,37.2100,41.9000,36.3600,40.9900,37.1000,3371086,132127198.7800,3,20.876800,1,10.485200,36.495514,4.350958,-85.098632,5.303733,0
2024-02-19,sz.301413,40.9800,46.6000,40.6000,44.2000,40.9900,3889357,169317648.7000,3,24.086400,1,7.831200,39.353543,4.691689,-91.762858,5.719078,0
2024-02-20,sz.301413,45.0000,46.5000,44.4000,45.3000,44.2000,2774316,125944615.7100,3,17.181100,1,2.488700,40.332930,4.808451,-94.046549,5.861408,0
2024-02-21,sz.301413,44.1000,47.9700,44.0000,46.4000,45.3000,2703328,124773849.2200,3,16.741400,1,2.428300,41.312317,4.925212,-96.330240,6.003738,0
2024-02-22,sz.301413,45.9300,47.3000,45.4800,47.2000,46.4000,1801644,83897997.3900,3,11.157400,1,1.724100,42.024598,5.010130,-97.991106,6.107250,0
2024-02-23,sz.301413,47.1000,49.3100,46.5000,49.1300,47.2000,1898033,90925024.3200,3,11.754300,1,4.089000,43.742977,5.214993,-101.997946,6.356975,0
2024-02-26,sz.301413,51.0000,53.0000,49.9600,52.1800,49.1300,3633865,187680978.7900,3,22.504200,1,6.208000,46.458549,5.538741,-108.329998,6.751617,0
2024-02-27,sz.301413,51.0100,56.5000,50.9900,56.3000,52.1800,3632117,198028395.3000,3,22.493300,1,7.895700,50.126798,5.976066,-116.883459,7.284708,0
2024-02-28,sz.301413,55.1200,56.1500,50.1800,50.1800,56.3000,3311373,178637816.4100,3,20.507000,1,-10.870300,44.677846,5.326447,-104.177833,6.492835,0
2024-02-29,sz.301413,50.0000,57.5000,49.7300,57.4300,50.1800,3277301,176820536.2400,3,20.296000,1,14.448000,51.132895,6.096012,-119.229433,7.430919,0
2024-03-01,sz.301413,57.3400,57.9000,54.5000,55.9900,57.4300,2330317,129807348.8000,3,14.431400,1,-2.507400,49.850789,5.943160,-116.239873,7.244596,0
2024-03-04,sz.301413,56.0000,59.2000,52.7000,58.3600,55.9900,2858405,161047379.1000,3,17.701800,1,4.232900,51.960922,6.194728,-121.160190,7.551253,0
2024-03-05,sz.301413,56.5700,57.5500,55.6300,55.9400,58.3600,1719020,97307295.8400,3,10.645700,1,-4.146700,49.806271,5.937853,-116.136069,7.238127,0
2024-03-06,sz.301413,55.0800,58.8600,54.8500,57.8800,55.9400,1938168,110808619.0400,3,12.002900,1,3.468000,51.533554,6.143778,-120.163670,7.489145,0
2024-03-07,sz.301413,57.5700,61.2900,56.8200,57.2100,57.8800,2463879,145897129.6000,3,15.258600,1,-1.157600,50.937018,6.072659,-118.772694,7.402453,0
2024-03-08,sz.301413,55.9000,59.8800,55.9000,59.7800,57.2100,2012833,117440056.2600,3,12.465300,1,4.492200,53.225222,6.345457,-124.108227,7.734988,0
2024-03-11,sz.301413,62.1700,69.3600,62.1000,64.0000,59.7800,3737862,241577984.5100,3,23.148200,1,7.059200,56.982506,6.793396,-132.869296,8.281018,0
2024-03-12,sz.301413,63.1500,70.9800,63.1500,68.9600,64.0000,3817704,260240429.0400,3,23.642700,1,7.750000,61.398650,7.319884,-143.166667,8.922796,0
2024-03-13,sz.301413,67.2900,68.8800,65.6600,67.2000,68.9600,2717000,181966774.0000,3,16.826100,1,-2.552200,59.831631,7.133066,-139.512761,8.695068,0
2024-03-14,sz.301413,69.2800,73.5500,67.0000,67.9200,67.2000,2070044,143333947.4600,3,12.819600,1,1.071400,60.472684,7.209492,-141.007541,8.788230,0
2024-03-15,sz.301413,67.1900,68.4300,65.3300,67.6000,67.9200,1940560,129289914.2600,3,12.017700,1,-0.471100,60.187772,7.175525,-140.343194,8.746825,0
2024-03-18,sz.301413,68.5000,69.2500,65.0000,66.6600,67.6000,1857038,123314444.9400,3,11.500500,1,-1.390500,59.350841,7.075747,-138.391676,8.625197,0
2024-03-19,sz.301413,66.6500,67.0000,64.5400,64.8600,66.6600,1319387,86052035.5000,3,8.170800,1,-2.700300,57.748208,6.884682,-134.654728,8.392294,0
2024-03-20,sz.301413,64.7000,64.8000,62.2800,63.5000,64.8600,1576938,99826722.7300,3,9.765800,1,-2.096800,56.537330,6.740323,-131.831255,8.216322,0
2024-03-21,sz.301413,63.0100,64.2700,61.9000,63.5400,63.5000,1181723,74697338.1800,3,7.318300,1,0.063000,56.572944,6.744569,-131.914298,8.221498,0
2024-03-22,sz.301413,63.5100,63.5500,61.6700,62.4000,63.5400,1035769,64808944.3000,3,6.414400,1,-1.794100,55.557943,6.623561,-129.547564,8.073992,0
2024-03-25,sz.301413,62.4200,62.9900,58.6500,58.9100,62.4000,1527178,92853223.9200,3,9.457700,1,-5.592900,52.450616,6.253109,-122.302035,7.622418,0
2024-03-26,sz.301413,58.2800,59.4800,55.8600,56.6500,58.9100,1570869,90215965.1200,3,9.728200,1,-3.836400,50.438421,6.013217,-117.610088,7.329994,0
2024-03-27,sz.301413,56.4000,57.3800,52.9000,53.2000,56.6500,1519538,82847113.5200,3,9.410400,1,-6.090000,47.366708,5.647011,-110.447603,6.883596,0
2024-03-28,sz.301413,53.1700,57.7100,52.1600,55.4800,53.2000,2094000,114855337.2600,3,12.967900,1,4.285700,49.396710,5.889025,-115.181071,7.178607,0
2024-03-29,sz.301413,55.0000,58.3800,54.3900,57.9800,55.4800,1828900,103417385.9100,3,11.326200,1,4.506100,51.622589,6.154392,-120.371278,7.502084,0
2024-04-01,sz.301413,57.8000,58.8300,56.3900,57.2400,57.9800,1066979,61119934.8900,3,6.607700,1,-1.276300,50.963729,6.075844,-118.834977,7.406335,0
2024-04-02,sz.301413,57.3500,57.3500,55.1200,56.0200,57.2400,818977,45876501.8700,3,5.071800,1,-2.131400,49.877500,5.946345,-116.302156,7.248478,0
2024-04-03,sz.301413,56.0700,56.0700,53.8400,54.4500,56.0200,645331,35370451.3700,3,3.996500,1,-2.802600,48.479648,5.779694,-113.042706,7.045334,0
2024-04-08,sz.301413,54.1800,56.5700,54.1800,55.2000,54.4500,1159501,64375035.7100,3,7.180700,1,1.377400,49.147411,5.859304,-114.599768,7.142378,0
2024-04-09,sz.301413,55.8000,55.8000,53.8200,54.6300,55.2000,696628,38000223.6800,3,4.314100,1,-1.032600,48.639911,5.798800,-113.416401,7.068625,0
2024-04-10,sz.301413,54.3700,54.7100,52.0600,52.6300,54.6300,743896,39493617.8600,3,4.606900,1,-3.661000,46.859208,5.586507,-109.264235,6.809843,0
2024-04-11,sz.301413,56.2900,61.9800,54.8000,55.7200,52.6300,2624575,151612625.0900,3,16.253700,1,5.871200,49.610394,5.914500,-115.679331,7.209661,0
2024-04-12,sz.301413,55.3800,57.4000,52.0000,52.0000,55.7200,1756231,94346296.8000,3,10.876200,1,-6.676200,46.298286,5.519634,-107.956303,6.728327,0
2024-04-15,sz.301413,51.4000,53.8000,48.5000,49.2700,52.0000,1842641,93638233.3000,3,11.411300,1,-5.250000,43.867626,5.229854,-102.288597,6.375090,0
2024-04-16,sz.301413,49.0100,49.0900,44.0500,45.6000,49.2700,1584006,72468631.5900,3,9.809600,1,-7.448800,40.600035,4.840295,-94.669374,5.900225,0
2024-04-17,sz.301413,46.3600,49.0900,46.3600,48.9300,45.6000,1484100,71461932.0000,3,9.190900,1,7.302600,43.564906,5.193764,-101.582729,6.331097,0
2024-04-18,sz.301413,49.0000,52.8800,48.0100,51.0300,48.9300,1695434,85532084.5200,3,10.499700,1,4.291800,45.434645,5.416672,-105.942503,6.602818,0
2024-04-19,sz.301413,51.9800,54.4700,50.7800,51.9800,51.0300,1904338,99834631.4400,3,11.793400,1,1.861700,46.280479,5.517511,-107.914782,6.725739,0
2024-04-22,sz.301413,51.0000,53.5900,49.6800,52.4900,51.9800,1500172,77724368.2700,3,9.290400,1,0.981100,49.732093,5.321891,7.345177,3.460292,0
2024-04-23,sz.301413,52.1300,60.3700,52.1300,58.8700,52.4900,2867921,162331898.7100,3,17.760800,1,12.154700,55.776878,5.968751,8.237961,3.880880,0
2024-04-24,sz.301413,56.0000,60.6600,56.0000,59.6000,58.8700,2488187,145664229.1600,3,15.409100,1,1.240000,61.402817,5.861745,8.682669,3.885781,0
2024-04-25,sz.301413,58.6500,59.6000,57.5000,58.0100,59.6000,1382865,80769854.9600,3,8.563900,1,-2.667800,59.764722,5.705366,8.451034,3.782117,0
2024-04-26,sz.301413,58.1100,61.0400,58.1100,59.5500,58.0100,1672100,99703179.0000,3,10.355200,1,2.654700,61.351305,5.856827,8.675384,3.882522,0
2024-04-29,sz.301413,61.8800,62.9900,59.3600,59.6000,59.5500,1531568,93081530.8600,3,9.484900,1,0.084000,61.402817,5.861745,8.682669,3.885781,0
2024-04-30,sz.301413,59.6000,60.2000,57.5000,57.8600,59.6000,1117488,65306436.9700,3,6.920500,1,-2.919500,59.610185,5.690613,8.429181,3.772337,0
2024-05-06,sz.301413,59.5300,68.1000,59.5300,64.0900,57.8600,2275492,144217198.8100,3,14.091900,1,10.767400,66.028634,6.303343,9.336782,4.178519,0
2024-05-07,sz.301413,63.4500,64.4900,61.9200,63.8100,64.0900,1502000,94666899.0000,3,9.301700,1,-0.436900,65.740164,6.275804,9.295991,4.160264,0
2024-05-08,sz.301413,64.0000,64.0000,60.3100,60.7500,63.8100,1054438,64856657.3400,3,6.530000,1,-4.795500,62.587603,5.974849,8.850203,3.960759,0
2024-05-09,sz.301413,61.2300,62.9900,60.5000,62.5000,60.7500,1254069,77610381.3200,3,7.766300,1,2.880700,64.390538,6.146964,9.105147,4.074855,0
2024-05-10,sz.301413,62.3500,62.6000,60.0500,61.0800,62.5000,867898,53149512.7900,3,5.374800,1,-2.272000,62.927585,6.007305,8.898278,3.982274,0
2024-05-13,sz.301413,60.6600,60.6600,58.8800,59.0700,61.0800,641041,38165498.2200,3,3.969900,1,-3.290800,60.856786,5.809619,8.605457,3.851227,0
2024-05-14,sz.301413,61.7700,63.0000,59.3300,59.8300,59.0700,724869,43860364.0200,3,4.489000,1,1.286600,61.639775,5.884366,8.716175,3.900777,0
2024-05-15,sz.301413,59.0500,62.9500,59.0200,60.2400,59.8300,836181,50964600.9400,3,5.178400,1,0.685300,62.062177,5.924690,8.775905,3.927508,0
2024-05-16,sz.301413,59.6700,62.3000,58.9000,59.3200,60.2400,717176,42974697.8200,3,4.441400,1,-1.527200,61.114348,5.834207,8.641877,3.867526,0
2024-05-17,sz.301413,59.0000,61.4000,59.0000,61.2800,59.3200,817207,49324008.7700,3,5.060900,1,3.304100,63.133635,6.026975,8.927415,3.995313,0
2024-05-20,sz.301413,60.9000,62.5800,60.1200,62.3300,61.2800,896300,54883701.0000,3,5.550700,1,1.713400,64.215396,6.130244,9.080381,4.063771,0
2024-05-21,sz.301413,61.6000,62.7800,61.2200,61.6800,62.3300,780768,48263737.2200,3,4.835200,1,-1.042800,63.545735,6.066316,8.985688,4.021393,0
2024-05-22,sz.301413,61.0000,64.8900,61.0000,64.1400,61.6800,1760183,112025331.2600,3,10.900600,1,3.988300,66.080146,6.308260,9.344066,4.181779,0
2024-05-23,sz.301413,63.2200,65.5000,63.2200,63.3500,64.1400,1358429,87245472.6200,3,8.412600,1,-1.231700,65.266250,6.230563,9.228977,4.130273,0
2024-05-24,sz.301413,63.0000,63.0000,58.3200,58.3700,63.3500,1354195,81402806.8600,3,8.386400,1,-7.861100,60.135612,5.740773,8.503479,3.805588,0
2024-05-27,sz.301413,59.0000,59.4900,56.0000,58.4000,58.3700,983978,56830322.3800,3,6.093700,1,0.051400,60.166519,5.743723,8.507850,3.807544,0
2024-05-28,sz.301413,58.3100,58.9800,57.1600,58.0000,58.4000,668869,38773463.7600,3,4.142200,1,-0.684900,59.754420,5.704383,8.449577,3.781465,0
2024-05-29,sz.301413,58.3700,60.2800,58.0000,58.8300,58.0000,824269,48620418.3000,3,5.104600,1,1.431000,60.609526,5.786014,8.570493,3.835579,0
2024-05-30,sz.301413,58.8200,63.0000,57.2700,61.5000,58.8300,1510224,91388824.9200,3,9.352700,1,4.538500,63.360290,6.048613,8.959465,4.009657,0
2024-05-31,sz.301413,47.3300,51.0000,47.3300,51.0000,47.0800,3736083,186361755.3800,3,17.797800,1,8.326300,68.305483,6.520699,9.658740,4.322606,0
2024-06-03,sz.301413,52.4700,53.9900,48.4100,49.0200,51.0000,4352125,223027199.9500,3,20.732500,1,-3.882400,65.653623,6.267543,9.283754,4.154787,0
2024-06-04,sz.301413,48.5300,50.0000,45.8000,47.2000,49.0200,2738847,128976868.3900,3,13.047200,1,-3.712800,63.216055,6.034843,8.939069,4.000529,0
2024-06-05,sz.301413,46.9900,52.3200,46.7000,48.7500,47.2000,3130519,153869502.1300,3,14.913100,1,3.283900,65.292006,6.233022,9.232619,4.131903,0
2024-06-06,sz.301413,47.1000,47.4700,43.5100,43.9900,48.7500,2880677,130159005.4400,3,13.722900,1,-9.764100,58.916827,5.624423,8.331137,3.728459,0
2024-06-07,sz.301413,44.5000,45.1000,43.1000,44.1400,43.9900,1660280,73481604.8000,3,7.909200,1,0.341000,59.117726,5.643601,8.359545,3.741173,0
2024-06-11,sz.301413,43.7700,44.9000,41.2000,44.8900,44.1400,886893,38517169.1000,3,4.225000,1,1.699100,60.122218,5.739494,8.501585,3.804741,0
2024-06-12,sz.301413,44.1800,46.4300,44.0300,45.9900,44.8900,1484100,67896349.0800,3,7.069900,1,2.450400,61.595474,5.880137,8.709911,3.897973,0
2024-06-13,sz.301413,45.7700,49.6000,45.5700,47.7600,45.9900,2311887,110274614.4000,3,11.013300,1,3.848700,63.966076,6.106443,9.045126,4.047993,0
2024-06-14,sz.301413,47.5000,47.5000,43.2000,44.7000,47.7600,2846493,126414595.6900,3,13.560000,1,-6.407000,59.867747,5.715201,8.465602,3.788637,0
2024-06-17,sz.301413,44.2800,44.5700,43.7100,43.7800,44.7000,1677068,73870223.1200,3,7.989200,1,-2.058200,58.635569,5.597573,8.291366,3.710660,0
2024-06-18,sz.301413,43.3100,45.9200,42.9200,45.1100,43.7800,2812556,125591365.3600,3,12.703200,1,3.037900,60.416869,5.767623,8.543250,3.823387,0
2024-06-19,sz.301413,45.0600,45.5700,43.9800,44.5900,45.1100,1728013,77245942.9000,3,7.804800,1,-1.152700,59.720421,5.701137,8.444769,3.779314,0
2024-06-20,sz.301413,44.1200,44.8100,41.8800,41.9100,44.5900,1794263,77433985.9400,3,8.104000,1,-6.010300,56.131035,5.358481,7.937212,3.552165,0
2024-06-21,sz.301413,41.8200,42.9700,40.5300,42.1800,41.9100,1259783,52837094.7100,3,5.689900,1,0.644200,56.492652,5.393002,7.988346,3.575049,0
2024-06-24,sz.301413,41.5000,42.1100,38.9000,39.0000,42.1800,1894862,75686213.3300,3,8.558400,1,-7.539100,52.233605,4.986417,7.386096,3.305522,0
2024-06-25,sz.301413,39.0500,39.9000,38.3600,38.9500,39.0000,1365035,53362550.3800,3,6.165300,1,-0.128200,52.166638,4.980024,7.376626,3.301284,0
2024-06-26,sz.301413,38.7500,40.1600,38.3100,40.1200,38.9500,1180795,46488624.9600,3,5.333200,1,3.003900,53.733647,5.129617,7.598209,3.400450,0
2024-06-27,sz.301413,40.3000,42.4400,40.0200,40.1500,40.1200,2027349,83880580.5200,3,9.156700,1,0.074800,53.773826,5.133453,7.603891,3.402993,0
2024-06-28,sz.301413,40.5000,42.2000,39.5000,41.3500,40.1500,1511629,62444716.8300,3,6.827400,1,2.988800,55.381014,5.286881,7.831155,3.504701,0
2024-07-01,sz.301413,41.0000,41.6600,39.7000,40.2100,41.3500,1617318,65203116.6400,3,7.304800,1,-2.757000,53.854186,5.141124,7.615254,3.408078,0
2024-07-02,sz.301413,40.4700,40.8400,39.3400,39.6300,40.2100,969130,38759726.0600,3,4.377200,1,-1.442400,53.077378,5.066967,7.505409,3.358919,0
2024-07-03,sz.301413,39.4200,39.9700,38.2300,38.4600,39.6300,1247465,48393636.2000,3,5.634300,1,-2.952300,51.510370,4.917375,7.283827,3.259753,0
2024-07-04,sz.301413,39.0000,39.8100,37.8800,37.9600,38.4600,1325165,51483621.8500,3,5.985300,1,-1.300100,50.840708,4.853446,7.189133,3.217375,0
2024-07-05,sz.301413,37.7800,38.0000,36.7600,37.1000,37.9600,1401769,52025764.9400,3,6.331200,1,-2.265500,49.688890,4.743489,7.026260,3.144484,0
2024-07-08,sz.301413,37.1100,37.2300,35.6500,35.8800,37.1000,1276087,46262441.1200,3,5.763600,1,-3.288400,48.054916,4.587504,6.795208,3.041080,0
2024-07-09,sz.301413,35.8800,38.0100,35.7000,38.0100,35.8800,1708742,62838979.6800,3,7.717700,1,5.936500,50.907675,4.859839,7.198602,3.221613,0
2024-07-10,sz.301413,37.7100,40.5400,37.5800,38.5900,38.0100,2189547,85264484.0400,3,9.889300,1,1.525900,51.684482,4.933996,7.308447,3.270772,0
2024-07-11,sz.301413,38.9100,40.3600,38.8900,40.1900,38.5900,1870689,74356899.4600,3,8.449200,1,4.146200,53.827399,5.138567,7.611466,3.406383,0
2024-07-12,sz.301413,40.0000,40.5000,39.5200,39.7200,40.1900,1079946,43181305.3500,3,4.877700,1,-1.169400,53.197917,5.078474,7.522454,3.366547,0
2024-07-15,sz.301413,39.7200,39.8100,38.1500,38.5200,39.7200,1174028,45458958.0400,3,5.302600,1,-3.021100,51.590729,4.925046,7.295190,3.264839,0
2024-07-16,sz.301413,38.5600,39.1800,38.0900,38.9800,38.5200,1060740,40992671.0100,3,4.790900,1,1.194200,52.206818,4.983860,7.382308,3.303827,0
2024-07-17,sz.301413,39.0000,39.2500,37.2700,37.4100,38.9800,946107,35954292.0900,3,4.273200,1,-4.027700,50.104081,4.783125,7.084970,3.170758,0
2024-07-18,sz.301413,37.0000,37.1900,35.6000,36.7400,37.4100,1048581,38146036.8100,3,4.736000,1,-1.791000,49.206734,4.697461,6.958081,3.113971,0
2024-07-19,sz.301413,36.6000,40.9200,36.2900,39.7800,36.7400,2638552,103437999.0800,3,11.917300,1,8.274400,53.278277,5.086146,7.533817,3.371633,0
2024-07-22,sz.301413,40.7800,40.8000,39.3600,39.9800,39.7800,2109964,84148058.5900,3,9.529900,1,0.502800,53.546141,5.111717,7.571695,3.388584,0
2024-07-23,sz.301413,39.7200,40.9500,39.2300,39.4100,39.9800,2070659,83345320.1100,3,9.352400,1,-1.425700,52.782727,5.038839,7.463744,3.340272,0
2024-07-24,sz.301413,38.5000,39.7700,38.3400,38.7200,39.4100,1641383,63991063.0200,3,7.413500,1,-1.750800,51.858594,4.950617,7.333067,3.281790,0
2024-07-25,sz.301413,38.6000,39.2900,37.0000,37.6800,38.7200,1710253,65077522.4600,3,7.724500,1,-2.686000,50.465698,4.817646,7.136105,3.193643,0
2024-07-26,sz.301413,37.8000,39.4300,37.3900,38.9200,37.6800,1145319,44276052.4000,3,5.173000,1,3.290900,52.126459,4.976189,7.370945,3.298742,0
2024-07-29,sz.301413,38.7300,39.3200,37.8900,38.1600,38.9200,955165,36590338.8100,3,4.314100,1,-1.952700,51.108573,4.879017,7.227010,3.234326,0
2024-07-30,sz.301413,38.1600,39.5500,37.3800,38.6000,38.1600,1014763,39006139.4000,3,4.583300,1,1.153000,51.697875,4.935274,7.310341,3.271619,0
2024-07-31,sz.301413,38.4400,40.9900,38.0000,40.6000,38.6000,2037727,81767709.6100,3,9.203600,1,5.181300,54.376522,5.190988,7.689115,3.441133,0
2024-08-01,sz.301413,40.2900,41.2400,39.8800,40.1000,40.6000,1464846,59243575.4400,3,6.616100,1,-1.231500,53.706860,5.127060,7.594421,3.398755,0
2024-08-02,sz.301413,39.6800,40.0600,38.1200,38.1800,40.1000,1437597,56166986.0300,3,6.493100,1,-4.788000,51.135360,4.881575,7.230798,3.236021,0
2024-08-05,sz.301413,37.9000,38.8400,37.0800,37.1900,38.1800,1393237,52704979.6100,3,6.292700,1,-2.593000,49.809430,4.754996,7.043305,3.152112,0
2024-08-06,sz.301413,37.6800,37.9300,37.2000,37.6000,37.1900,865450,32470947.1000,3,3.908900,1,1.102400,50.358552,4.807418,7.120954,3.186862,0
2024-08-07,sz.301413,37.5200,38.8000,37.5000,38.0900,37.6000,1077546,41209343.3900,3,4.866900,1,1.303200,51.014820,4.870067,7.213753,3.228393,0
2024-08-08,sz.301413,38.0000,38.0000,36.0600,36.5000,38.0900,1233408,45286308.5800,3,5.570800,1,-4.174300,48.885297,4.666775,6.912628,3.093630,0
2024-08-09,sz.301413,36.8800,37.4000,36.4000,36.4900,36.5000,891510,32811303.9000,3,4.026600,1,-0.027400,48.871903,4.665497,6.910734,3.092782,0
2024-08-12,sz.301413,36.1400,36.1400,35.0000,35.5100,36.4900,837192,29826285.4500,3,3.781300,1,-2.685700,47.559367,4.540197,6.725135,3.009720,0
2024-08-13,sz.301413,35.4000,36.0600,35.1500,35.9300,35.5100,635809,22695557.4800,3,2.871700,1,1.182800,48.121882,4.593897,6.804677,3.045318,0
2024-08-14,sz.301413,35.9300,36.2700,35.5500,35.9000,35.9300,613179,22000883.5300,3,2.769500,1,-0.083500,48.081703,4.590061,6.798996,3.042775,0
2024-08-15,sz.301413,35.8300,36.7000,35.5800,36.0900,35.9000,804290,29134371.1900,3,3.632700,1,0.529200,48.336174,4.614354,6.834979,3.058879,0
2024-08-16,sz.301413,36.0900,37.2800,36.0000,36.6700,36.0900,1176003,43227622.7400,3,5.311500,1,1.607100,49.112982,4.688511,6.944824,3.108038,0
2024-08-19,sz.301413,37.4900,39.0000,35.6800,35.8500,36.6700,1704296,63296452.5200,3,7.697600,1,-2.236200,48.014736,4.583668,6.789526,3.038538,0
2024-08-20,sz.301413,36.3000,38.3200,35.1300,38.3100,35.8500,2345130,86461164.7200,3,10.592000,1,6.861900,51.309472,4.898196,7.255418,3.247040,0
2024-08-21,sz.301413,37.3500,38.7700,36.6600,37.9100,38.3100,2536424,95304763.7600,3,11.456000,1,-1.044100,50.773742,4.847053,7.179664,3.213137,0
2024-08-22,sz.301413,37.3500,37.9500,35.1000,35.1000,37.9100,2122135,76893471.9500,3,9.584900,1,-7.412300,47.010244,4.487776,6.647486,2.974970,0
2024-08-23,sz.301413,35.0000,35.5900,34.3500,35.3700,35.1000,1026925,35986247.9800,3,4.638200,1,0.769200,46.679498,4.377146,18.630846,2.998504,0
2024-08-26,sz.301413,35.3600,36.5000,35.3600,35.9000,35.3700,873617,31396805.0600,3,3.945800,1,1.498400,47.378965,4.442735,18.910019,3.043435,0
2024-08-27,sz.301413,35.5400,36.5500,34.7400,35.0100,35.9000,1047991,37211865.8000,3,4.733400,1,-2.479100,46.204389,4.332594,18.441219,2.967984,0
2024-08-28,sz.301413,34.9700,36.4000,34.4100,35.8100,35.0100,1153171,40978088.4100,3,5.208400,1,2.285100,47.260188,4.431597,18.862612,3.035805,0
2024-08-29,sz.301413,35.4500,37.5000,35.4000,36.5600,35.8100,1581912,58106734.0900,3,7.144900,1,2.094400,48.249999,4.524412,19.257668,3.099386,0
2024-08-30,sz.301413,36.7400,37.5000,36.1900,36.7500,36.5600,1595104,58940806.5500,3,7.204500,1,0.519700,48.500751,4.547925,19.357749,3.115494,0
2024-09-02,sz.301413,36.8600,37.0000,35.0200,35.0400,36.7500,1163938,41640401.5800,3,5.257100,1,-4.653100,46.243982,4.336307,18.457021,2.970528,0
2024-09-03,sz.301413,35.0200,36.3000,34.9000,35.5500,35.0400,859560,30583678.6000,3,3.882300,1,1.455500,46.917053,4.399421,18.725659,3.013763,0
2024-09-04,sz.301413,35.0100,36.2600,34.4400,35.8800,35.5500,1151711,40866010.5000,3,5.201800,1,0.928300,47.352570,4.440260,18.899484,3.041739,0
2024-09-05,sz.301413,35.8200,37.2900,35.5200,36.6000,35.8800,1359197,49774705.4900,3,6.139000,1,2.006700,48.302789,4.529362,19.278738,3.102777,0
2024-09-06,sz.301413,36.6900,36.6900,35.4000,35.4300,36.6000,837520,30068591.5300,3,3.782800,1,-3.196700,46.758683,4.384571,18.662450,3.003590,0
2024-09-09,sz.301413,35.3800,35.9200,34.5100,35.1800,35.4300,847603,29704513.6800,3,3.828300,1,-0.705600,46.428746,4.353632,18.530765,2.982396,0
2024-09-10,sz.301413,35.1800,35.4900,34.5600,35.2700,35.1800,581923,20372353.9200,3,2.628300,1,0.255800,46.547524,4.364770,18.578172,2.990026,0
2024-09-11,sz.301413,35.7800,35.7800,34.8500,34.9300,35.2700,481714,16903556.5500,3,2.175700,1,-0.964000,46.098809,4.322694,18.399080,2.961202,0
2024-09-12,sz.301413,35.2000,35.3900,34.4500,34.4500,34.9300,590841,20612187.3200,3,2.668600,1,-1.374200,45.465330,4.263293,18.146244,2.920510,0
2024-09-13,sz.301413,34.2000,34.5300,32.5000,32.5100,34.4500,1298120,43007413.1400,3,5.863100,1,-5.631300,42.905018,4.023212,17.124365,2.756046,0
2024-09-18,sz.301413,32.5500,32.7700,31.5100,32.1100,32.5100,875682,28085564.9700,3,3.955100,1,-1.230400,42.377119,3.973711,16.913669,2.722136,0
2024-09-19,sz.301413,32.1100,33.9900,32.0600,33.8600,32.1100,1393525,46382181.7800,3,6.294000,1,5.450000,44.686678,4.190278,17.835466,2.870493,0
2024-09-20,sz.301413,33.8900,34.6500,33.2300,34.4000,33.8600,1207707,41179642.3200,3,5.454700,1,1.594800,45.399343,4.257105,18.119907,2.916272,0
2024-09-23,sz.301413,34.2000,34.4700,33.7100,33.8800,34.4000,602962,20501139.3900,3,2.723300,1,-1.511600,44.713073,4.192754,17.846001,2.872188,0
2024-09-24,sz.301413,33.9900,34.9000,33.2000,34.7400,33.8800,1148228,39387613.7500,3,5.186100,1,2.538400,45.848057,4.299181,18.298999,2.945095,0
2024-09-25,sz.301413,35.1600,35.5800,34.7000,34.9000,34.7400,1280896,44986227.3400,3,5.785300,1,0.460600,46.059217,4.318982,18.383277,2.958659,0
2024-09-26,sz.301413,34.4500,37.6800,34.4000,37.1800,34.9000,2269128,82784284.6100,3,10.248800,1,6.533000,49.068243,4.601139,19.584248,3.151947,0
2024-09-27,sz.301413,37.5000,39.6400,37.3000,38.9500,37.1800,2175765,83612243.5600,3,9.827100,1,4.760600,51.404198,4.820181,20.516580,3.301999,0
2024-09-30,sz.301413,40.2600,44.7100,39.5000,44.3300,38.9500,3488496,146802001.4200,3,15.756200,1,13.812600,58.504444,5.485973,23.350450,3.758091,0
2024-10-08,sz.301413,50.7400,53.0600,45.9000,52.5500,44.3300,4416914,217729926.6400,3,19.949500,1,18.542700,69.352775,6.503223,27.680265,4.454944,0
2024-10-09,sz.301413,49.7700,51.3100,46.6100,46.6100,52.5500,3452720,169352288.2300,3,15.594600,1,-11.303500,61.513470,5.768130,24.551420,3.951378,0
2024-10-10,sz.301413,46.6100,48.3000,43.5000,43.5800,46.6100,2442240,111060828.9400,3,11.030600,1,-6.500800,57.514632,5.393158,22.955393,3.694509,0
2024-10-11,sz.301413,43.5000,44.2800,39.9900,40.7100,43.5800,2498862,105452589.8500,3,11.286400,1,-6.585600,53.726955,5.037987,21.443645,3.451204,0
2024-10-14,sz.301413,41.0400,42.1000,39.5000,41.8100,40.7100,1829469,75016679.8300,3,8.263000,1,2.702000,55.178678,5.174115,22.023061,3.544457,0
2024-10-15,sz.301413,41.7800,42.8800,40.5000,40.8300,41.8100,1941379,81214281.0400,3,8.768500,1,-2.343900,53.885324,5.052837,21.506854,3.461377,0
2024-10-16,sz.301413,40.0000,41.4100,39.9100,40.4300,40.8300,1200091,48726923.4700,3,5.420300,1,-0.979700,53.357425,5.003336,21.296158,3.427467,0
2024-10-17,sz.301413,40.5100,41.7000,40.3000,40.4100,40.4300,1512190,62134411.8500,3,6.830000,1,-0.049500,53.331030,5.000861,21.285623,3.425771,0
2024-10-18,sz.301413,40.0800,44.0000,40.0000,42.5500,40.4100,2427728,102492080.3500,3,10.965100,1,5.295700,56.155291,5.265692,22.412850,3.607191,0
2024-10-21,sz.301413,42.8700,44.8600,42.8700,43.8200,42.5500,2468158,108139461.7100,3,11.147700,1,2.984700,57.831372,5.422859,23.081811,3.714855,0
2024-10-22,sz.301413,43.9500,45.2700,43.0300,44.3400,43.8200,2586785,114164519.6800,3,11.683500,1,1.186700,58.517641,5.487210,23.355717,3.758938,0
2024-10-23,sz.301413,46.0200,46.9200,43.5000,43.5800,44.3400,3421682,153842042.8400,3,15.454400,1,-1.714000,57.514632,5.393158,22.955393,3.694509,0
2024-10-24,sz.301413,43.4900,45.5000,42.8700,45.0500,43.5800,2770748,122755258.2000,3,12.514400,1,3.373100,59.454662,5.575075,23.729703,3.819129,0
2024-10-25,sz.301413,47.4800,47.4800,44.1000,46.2300,45.0500,3617907,164040774.8800,3,16.340700,1,2.619300,55.931506,5.284066,25.626483,3.829531,0
2024-10-28,sz.301413,45.7700,46.0000,44.6000,45.0200,46.2300,2453904,110829344.5400,3,11.083300,1,-2.617300,54.467584,5.145764,24.955749,3.729299,0
2024-10-29,sz.301413,45.1700,47.0800,44.6600,45.4900,45.0200,2968478,135971266.5500,3,13.407500,1,1.044000,55.036214,5.199485,25.216282,3.768232,0
2024-10-30,sz.301413,46.2000,46.2000,44.0100,44.8000,45.4900,1960783,88089715.1400,3,8.856100,1,-1.516800,54.201416,5.120618,24.833797,3.711075,0
2024-10-31,sz.301413,44.8000,45.4600,44.2700,44.8800,44.8000,1648618,74083734.0100,3,7.446200,1,0.178600,54.298204,5.129762,24.878143,3.717702,0
2024-11-01,sz.301413,45.5000,45.8500,42.5000,42.5200,44.8800,1860345,81937578.9000,3,8.402500,1,-5.258500,51.442951,4.860015,23.569934,3.522208,0
2024-11-04,sz.301413,42.6000,46.8500,42.6000,46.1800,42.5200,3081314,140567124.4800,3,13.917100,1,8.607700,55.871013,5.278351,25.598767,3.825389,0
2024-11-05,sz.301413,46.0000,48.5000,45.2000,47.7400,46.1800,3027754,141775607.6200,3,13.675200,1,3.378100,57.758384,5.456659,26.463515,3.954614,0
2024-11-06,sz.301413,48.1000,49.5500,47.2000,48.6800,47.7400,3244486,157405416.0600,3,14.654100,1,1.969000,58.895646,5.564100,26.984581,4.032481,0
2024-11-07,sz.301413,48.8800,49.2700,47.1100,47.9100,48.6800,2411602,115481650.7600,3,10.892300,1,-1.581800,57.964059,5.476089,26.557750,3.968696,0
2024-11-08,sz.301413,48.2900,49.3800,47.7000,47.7400,47.9100,2088112,101510700.9200,3,9.431200,1,-0.354800,57.758384,5.456659,26.463515,3.954614,0
2024-11-11,sz.301413,47.2200,52.8500,47.2200,52.4100,47.7400,4772051,244899104.3500,3,21.553500,1,9.782200,63.408397,5.990437,29.052217,4.341461,0
2024-11-12,sz.301413,52.0000,52.9600,49.0800,50.0100,52.4100,4083603,207438876.1000,3,18.444000,1,-4.579300,60.504750,5.716118,27.721835,4.142653,0
2024-11-13,sz.301413,50.0300,50.1000,47.6100,49.8000,50.0100,1903762,93003924.6800,3,8.598600,1,-0.419900,60.250681,5.692116,27.605426,4.125257,0
2024-11-14,sz.301413,49.2500,49.9600,48.3000,48.6500,49.8000,1615949,78943028.8900,3,7.298600,1,-2.309200,58.859350,5.560671,26.967951,4.029995,0
2024-11-15,sz.301413,48.9900,49.3000,46.7000,46.8000,48.6500,2161032,102988252.5500,3,9.760500,1,-3.802700,56.621122,5.349217,25.942449,3.876748,0
2024-11-18,sz.301413,46.7000,47.0600,43.7600,44.3500,46.8000,1657859,74987844.6300,3,7.487900,1,-5.235000,53.656982,5.069183,24.584350,3.673799,0
2024-11-19,sz.301413,44.9700,47.4300,44.4000,47.4200,44.3500,1887303,87209035.7400,3,8.524200,1,6.922200,57.371231,5.420083,26.286131,3.928107,0
2024-11-20,sz.301413,47.7900,49.2800,46.6300,49.1700,47.4200,2287472,111306841.0600,3,10.331600,1,3.690400,59.488474,5.620107,27.256201,4.073070,0
2024-11-21,sz.301413,49.4800,52.5200,48.3000,49.9500,49.1700,3119376,157787348.7100,3,14.089000,1,1.586300,60.432159,5.709260,27.688575,4.137683,0
2024-11-22,sz.301413,49.5000,52.5100,48.0000,48.5000,49.9500,3947490,199242091.9000,3,17.829300,1,-2.902900,58.677872,5.543526,26.884803,4.017570,0
2024-11-25,sz.301413,48.7600,49.2900,46.3600,49.2900,48.5000,2052844,98326794.8300,3,9.271900,1,1.628900,59.633656,5.633823,27.322720,4.083011,0
2024-11-26,sz.301413,48.8100,50.4700,47.7000,48.1500,49.2900,2047970,100046040.7200,3,9.249900,1,-2.312800,58.254424,5.503521,26.690789,3.988577,0
2024-11-27,sz.301413,47.7600,49.3000,46.4000,49.3000,48.1500,1750972,84058140.2200,3,7.908500,1,2.388400,59.645755,5.634966,27.328263,4.083839,0
2024-11-28,sz.301413,49.0000,50.3000,47.5800,49.9000,49.3000,3281572,161061156.4900,3,14.821600,1,1.217000,60.371666,5.703545,27.660859,4.133541,0
2024-11-29,sz.301413,49.6900,58.5500,48.5000,54.0000,49.9000,6050361,316855428.1300,3,27.327100,1,8.216400,65.332064,6.172173,29.933595,4.473171,0
2024-12-02,sz.301413,53.6600,59.8800,52.0000,56.3100,54.0000,6755938,375821128.3200,3,30.513900,1,4.277800,68.126824,6.436205,31.214087,4.664523,0
2024-12-03,sz.301413,55.5000,56.3100,54.0800,54.1500,56.3100,3719502,205010795.5800,3,16.799500,1,-3.835900,65.513542,6.189318,30.016744,4.485596,0
2024-12-04,sz.301413,55.2400,58.6800,54.2100,58.0500,54.1500,5536774,315572152.0600,3,25.007500,1,7.202200,70.231969,6.635086,32.178614,4.808658,0
2024-12-05,sz.301413,57.0000,68.2000,56.5800,64.5700,58.0500,6574648,406407105.2200,3,29.695100,1,11.231700,78.120210,7.380319,35.792819,5.348752,0
2024-12-06,sz.301413,62.5000,66.0000,59.6300,61.5800,64.5700,5351137,330662336.4900,3,24.169000,1,-4.630600,74.502750,7.038564,34.135384,5.101071,0
2024-12-09,sz.301413,60.4900,67.3600,60.0000,65.1000,61.5800,5178804,332560501.5600,3,23.390600,1,5.716100,78.761432,7.440898,36.086611,5.392656,0
2024-12-10,sz.301413,66.3000,72.8000,66.3000,68.1000,65.1000,5299710,368714826.9300,3,23.936700,1,4.608300,82.390992,7.783797,37.749589,5.641165,0
2024-12-11,sz.301413,67.2500,68.4200,62.5000,64.7700,68.1000,4291406,277786391.2800,3,19.382600,1,-4.889900,78.362181,7.403179,35.903684,5.365320,0
2024-12-12,sz.301413,64.3000,64.9900,60.9000,61.8000,64.7700,4262656,265487052.5600,3,19.252800,1,-4.585500,74.768917,7.063710,34.257336,5.119295,0
2024-12-13,sz.301413,61.2200,61.9900,59.0100,59.3500,61.8000,2982134,179311481.9400,3,13.469100,1,-3.964400,71.804778,6.783676,32.899238,4.916346,0
2024-12-16,sz.301413,59.3000,59.4900,57.5000,57.8900,59.3500,2211417,128860936.1700,3,9.988100,1,-2.460000,70.038392,6.616799,32.089922,4.795405,0
2024-12-17,sz.301413,58.0000,58.5300,54.6900,55.0000,57.8900,1929183,107848227.2600,3,8.713400,1,-4.992200,66.541917,6.286473,30.487920,4.556007,0
2024-12-18,sz.301413,55.9900,57.0000,54.2200,56.2500,55.0000,2039748,114032391.5400,3,9.212700,1,2.272700,68.054233,6.429347,31.180828,4.659553,0
2024-12-19,sz.301413,55.4000,57.3800,55.4000,56.8200,56.2500,1951646,110502075.9800,3,3.393000,1,1.013300,68.743849,6.494498,31.496793,4.706770,0
2024-12-20,sz.301413,56.5000,60.1600,56.5000,59.5700,56.8200,2940202,172779814.0400,3,5.111600,1,4.839800,72.070945,6.808822,33.021189,4.934570,0
2024-12-23,sz.301413,59.8000,59.8000,56.6800,56.8100,59.5700,2292590,133150583.6000,3,3.985700,1,-4.633200,68.731751,6.493355,31.491250,4.705941,0
2024-12-24,sz.301413,59.5000,60.8900,57.5000,58.8700,56.8100,2696954,158197759.5500,3,4.688700,1,3.626100,71.224048,6.728812,32.633161,4.876584,0
2024-12-25,sz.301413,59.1300,59.7700,56.6900,57.0200,58.8700,2368097,137564505.0700,3,4.117000,1,-3.142500,68.985820,6.517358,31.607659,4.723337,0
2024-12-26,sz.301413,57.5400,61.5200,56.3100,60.7400,57.0200,5110610,307003005.8200,3,8.884900,1,6.524000,73.486473,6.942552,33.669751,5.031489,0
2024-12-27,sz.301413,60.2600,61.6700,59.2200,59.9200,60.7400,3302669,199728263.8700,3,5.741800,1,-1.350000,72.494394,6.848827,33.215204,4.963563,0
2024-12-30,sz.301413,57.7200,58.2700,55.5500,55.8900,59.9200,3615865,205487714.3700,3,6.286300,1,-6.725600,67.618686,6.388200,30.981270,4.629732,0
2024-12-31,sz.301413,55.8000,56.4000,53.4000,53.5100,55.8900,2537592,139346394.7800,3,4.411700,1,-4.258400,64.739236,6.116167,29.661975,4.432581,0
